{
    "alphafold2": {
        "gdt_ts": {
            "all": 12.291666666666666,
            "pdb": 17.083333333333332,
            "no_pdb": 7.5
        },
        "rmsd": {
            "all": 11.722022301454995,
            "pdb": 10.735333693510418,
            "no_pdb": 12.70871090939957
        }
    },
    "alphafold3": {
        "gdt_ts": {
            "all": 13.541666666666666,
            "pdb": 16.666666666666668,
            "no_pdb": 11.666666666666666
        },
        "rmsd": {
            "all": 13.7607930134762,
            "pdb": 16.71170108224619,
            "no_pdb": 11.990248172214203
        }
    },
    "boltz1": {
        "gdt_ts": {
            "all": 16.458333333333332,
            "pdb": 13.75,
            "no_pdb": 19.166666666666664
        },
        "rmsd": {
            "all": 8.330753821002121,
            "pdb": 9.717886778001088,
            "no_pdb": 6.943620864003153
        }
    },
    "esmfold": {
        "gdt_ts": {
            "all": 5.0,
            "pdb": 0.0,
            "no_pdb": 10.0
        },
        "rmsd": {
            "all": 15.086728039402434,
            "pdb": 17.84239860342632,
            "no_pdb": 12.331057475378547
        }
    },
    "omegafold": {
        "gdt_ts": {
            "all": 8.541666666666666,
            "pdb": 7.916666666666666,
            "no_pdb": 9.166666666666666
        },
        "rmsd": {
            "all": 9.15610033418408,
            "pdb": 9.173810618997871,
            "no_pdb": 9.13839004937029
        }
    },
    "rosettafold2": {
        "gdt_ts": {
            "all": 17.59259259259259,
            "pdb": 16.666666666666664,
            "no_pdb": 18.333333333333332
        },
        "rmsd": {
            "all": 7.957479439434859,
            "pdb": 8.06135290856789,
            "no_pdb": 7.874380664128435
        }
    }
}